id,roll_no,name,age
1,17,Gopinath,22
2,15,Amit,22
3,29,Sayan,22
4,30,Tanmay,22
5,50,Saikat,22
6,8,Sayandip,22
7,7,Akash,22
24,17,Student_17,20
25,18,Student_18,21
26,19,Student_19,22
27,20,Student_20,18
28,21,Student_21,19
29,22,Student_22,20
30,23,Student_23,21
31,24,Student_24,22
32,25,Student_25,18
33,26,Student_26,19
34,27,Student_27,20
35,28,Student_28,21
36,29,Student_29,22
37,30,Student_30,18
38,31,Student_31,19
39,32,Student_32,20
40,33,Student_33,21
41,34,Student_34,22
42,35,Student_35,18
43,36,Student_36,19
44,37,Student_37,20
45,38,Student_38,21
46,39,Student_39,22
47,40,Student_40,18
48,41,Student_41,19
49,42,Student_42,20
50,43,Student_43,21
51,44,Student_44,22
52,45,Student_45,18
53,46,Student_46,19
54,47,Student_47,20
55,48,Student_48,21
56,49,Student_49,22
57,50,Student_50,18
58,1,Student_1,19
59,2,Student_2,20
60,3,Student_3,21
61,4,Student_4,22
62,5,Student_5,18
63,6,Student_6,19
64,7,Student_7,20
65,8,Student_8,21
66,9,Student_9,22
67,10,Student_10,18
68,11,Student_11,19
69,12,Student_12,20
70,13,Student_13,21
71,14,Student_14,22
72,15,Student_15,18
73,16,Student_16,19
74,17,Student_17,20
75,18,Student_18,21
76,19,Student_19,22
77,20,Student_20,18
78,21,Student_21,19
79,22,Student_22,20
80,23,Student_23,21
81,24,Student_24,22
82,25,Student_25,18
83,26,Student_26,19
84,27,Student_27,20
85,28,Student_28,21
86,29,Student_29,22
87,30,Student_30,18
88,31,Student_31,19
89,32,Student_32,20
90,33,Student_33,21
91,34,Student_34,22
92,35,Student_35,18
93,36,Student_36,19
94,37,Student_37,20
95,38,Student_38,21
96,39,Student_39,22
97,40,Student_40,18
98,41,Student_41,19
99,42,Student_42,20
100,43,Student_43,21
101,44,Student_44,22
102,45,Student_45,18
103,46,Student_46,19
104,47,Student_47,20
105,48,Student_48,21
106,49,Student_49,22
107,50,Student_50,18
